element_id,name,type,host,source,destination,crosses,interface,description,no_threat_rationale
CMP-FC,Flight controller,process,,,,,PX4 on NuttX; Pixhawk-standard FMU,"Estimation, flight control, failsafes, mission execution, logging. Verifies and signs MAVLink with the shared signing key.",
CMP-CC,Companion computer,process,,,,,ARM64 Linux single-board computer,"WireGuard endpoint, MAVLink router with allowlist filter, onboard autonomy and payload control, video encoding. Holds the shared signing key; inside the C2 trust base.",
CMP-PL,EO payload,process,,,,,USB or CSI camera,Electro-optical camera producing survey imagery and video.,
CMP-NAV,GNSS and compass module,process,,,,,GNSS receiver plus magnetometer,Civil GNSS position and heading source for the flight controller.,
CMP-ACT,ESCs and motors,process,,,,,PWM/DShot or DroneCAN,Propulsion actuators driven by the flight controller.,
CMP-RAD-A,Air data-link radio,process,,,,,IP radio; Ethernet to CMP-CC,Air side of the IP data link. Untrusted transport: no security credit is taken for its link-layer features (A-05).,
CMP-RAD-G,Ground data-link radio,process,,,,,IP radio; Ethernet to CMP-GCS,Ground side of the IP data link. Untrusted transport (A-05).,
CMP-GCS,Ground control station,process,,,,,Linux laptop; QGroundControl; WireGuard,"Mission planning, C2, telemetry and video display. Holds the shared signing key; inside the C2 trust base.",
CMP-MSS,Maintenance and support station,process,,,,,Linux workstation; wired connections only,"Builds, signs and loads software; provisions keys; receives post-flight offload. Holds the shared signing key; inside the C2 trust base.",
EE-OP,Operator,external_entity,,,,,,Pilot-in-command and mission operator at the GCS. Trusted but fallible (A-08).,
EE-MNT,Maintainer,external_entity,,,,,,"Performs builds, loading, key provisioning and offload at the MSS. Trusted but fallible (A-08).",
EE-GNSS,GNSS signals,external_entity,,,,,,Civil GNSS signals in space (A-10).,
EE-UPSTREAM,Upstream software sources,external_entity,,,,,,"Open-source projects, package repositories and toolchains the MSS builds from (PX4, Linux distribution, QGroundControl, libraries).",
DS-FC-KEY,FC MAVLink signing key file,data_store,CMP-FC,,,,microSD: /mavlink/mavlink-signing-key.bin,"40-byte file: 32-byte shared secret key plus 64-bit timestamp. Readable, writable or removable by anyone with access to the SD card.",
DS-FC-LOG,FC flight logs,data_store,CMP-FC,,,,microSD; ULog,Flight logs; may reveal flight paths and mission areas.,
DS-FC-FW,FC firmware and parameters,data_store,CMP-FC,,,,FMU non-volatile storage,"Bootloader, PX4 firmware image and parameter set, including failsafe settings.",
DS-CC-SYS,CC system image and configuration,data_store,CMP-CC,,,,eMMC or SD,"Boot chain, root filesystem, applications, router allowlist and firewall configuration.",
DS-CC-CRED,CC credentials,data_store,CMP-CC,,,,eMMC or SD,"Copy of the shared MAVLink signing key, CC WireGuard private key, GCS WireGuard public key.",
DS-CC-DATA,CC mission data,data_store,CMP-CC,,,,eMMC or SD,Survey imagery and the active mission plan.,
DS-GCS-CRED,GCS credentials,data_store,CMP-GCS,,,,Laptop disk,"Copy of the shared MAVLink signing key, GCS WireGuard private key, CC WireGuard public key.",
DS-GCS-DATA,GCS mission data,data_store,CMP-GCS,,,,Laptop disk,"Mission plans, telemetry logs and received imagery.",
DS-MSS-KEYS,MSS key material,data_store,CMP-MSS,,,,Workstation storage,"Master copy of the shared MAVLink signing key, WireGuard key pairs before provisioning, software signing keys (P2, P3).",
DS-MSS-ART,MSS release artifacts,data_store,CMP-MSS,,,,Workstation storage,"Built and signed images, SBOMs and build provenance (P4); offloaded logs and imagery.",
DF-01,C2 uplink,data_flow,,CMP-GCS,CMP-CC,TB-04; TB-01,UDP over CMP-RAD-G/CMP-RAD-A; WireGuard; MAVLink 2 signed,"Commands, mission upload and parameter writes. Signed by the GCS end to end to the FC; encrypted GCS to CC.",
DF-02,Telemetry downlink,data_flow,,CMP-CC,CMP-GCS,TB-01; TB-04,UDP over CMP-RAD-A/CMP-RAD-G; WireGuard; MAVLink 2 signed,"FC and CC telemetry, status and acknowledgements.",
DF-03,Video downlink,data_flow,,CMP-CC,CMP-GCS,TB-01; TB-04,UDP over CMP-RAD-A/CMP-RAD-G; WireGuard; RTP,Payload video and imagery previews. Not covered by MAVLink signing; protected by WireGuard only.,
DF-04,CC to FC commands,data_flow,,CMP-CC,CMP-FC,TB-02,UART (TELEM2); MAVLink 2 signed,"GCS traffic forwarded after the allowlist filter, plus CC-originated autonomy and payload commands signed with the shared key.",
DF-05,FC to CC telemetry,data_flow,,CMP-FC,CMP-CC,TB-02,UART (TELEM2); MAVLink 2 signed,FC telemetry for the GCS and for onboard autonomy.,
DF-06,Payload imagery,data_flow,,CMP-PL,CMP-CC,,USB or CSI,Raw imagery and video from the payload.,
DF-07,GNSS signals,data_flow,,EE-GNSS,CMP-NAV,TB-06,RF (civil GNSS),Satellite navigation signals received over the air.,
DF-08,Navigation data,data_flow,,CMP-NAV,CMP-FC,,UART/I2C or DroneCAN,"Position, velocity, time and heading.",
DF-09,Actuator commands,data_flow,,CMP-FC,CMP-ACT,,PWM/DShot or DroneCAN,Motor and ESC commands.,
DF-10,Operator input,data_flow,,EE-OP,CMP-GCS,TB-04,GCS user interface,"Mission plans, commands and manual control.",
DF-11,FC maintenance load,data_flow,,CMP-MSS,CMP-FC,TB-03,USB; MAVLink 2 (signed once a key exists),"Firmware load, parameters and initial signing-key provisioning (SETUP_SIGNING) while disarmed.",
DF-12,CC maintenance load,data_flow,,CMP-MSS,CMP-CC,TB-03,Wired Ethernet or USB,"System images, configuration and credentials (signing key, WireGuard keys).",
DF-13,GCS provisioning,data_flow,,CMP-MSS,CMP-GCS,TB-04,Wired connection or removable media,"GCS software, signing key and WireGuard keys.",
DF-14,CC data offload,data_flow,,CMP-CC,CMP-MSS,TB-03,Wired Ethernet or USB,Post-flight imagery and CC logs.,
DF-15,FC log offload,data_flow,,CMP-FC,CMP-MSS,TB-03,USB or SD card removal,Post-flight ULogs.,
DF-16,Upstream software intake,data_flow,,EE-UPSTREAM,CMP-MSS,TB-05,HTTPS/git,"Source code, packages, toolchains and third-party binaries.",
DF-17,Maintainer actions,data_flow,,EE-MNT,CMP-MSS,,MSS user interface,"Build, sign, load, provision and offload commands.",
TB-01,Air-ground RF link,trust_boundary,,,,,,"Everything between the radios is observable and injectable by an RF-proximate adversary, including jamming.",
TB-02,Flight-critical / mission-computing boundary,trust_boundary,,,,,,Separates the RTOS flight controller from the general-purpose Linux companion computer. Baseline interface: MAVLink 2 over UART only (DD-03).,
TB-03,Air vehicle physical boundary,trust_boundary,,,,,,"On-board storage and maintenance and debug interfaces are exposed if the vehicle is lost, captured or left unattended.",
TB-04,GCS host boundary,trust_boundary,,,,,,"Separates the GCS host from its operator, the data link and maintenance media.",
TB-05,Supply-chain boundary,trust_boundary,,,,,,Separates externally controlled upstream sources from the MSS build and signing environment.,
TB-06,GNSS RF environment,trust_boundary,,,,,,Civil GNSS signals are unauthenticated and can be jammed or spoofed.,
